Item Name,Link,Vendor,Quantity,Total Price (USD)
Heatsink 60x20x10mm,https://shopee.com.my/Heatsink-40x40x11-mm-Aluminium-Clear-Black-Gold-Anodized-i.6674515.812567757,Shopee,2,0.85
MLT8530 Buzzer 5v,https://shopee.com.my/5Pcs-SMD-Magnetic-Piezo-Loudspeaker-Speaker-Buzzer-8630-1109-9045-9025-9018-5020-1230-9032-7525-8630-8540-Passive-9650-Active-i.1649836180.27542857025,Shopee,1,1.45
Capacitor 100nF 50v (0603),https://shopee.com.my/100pcs-0603-1608-SMD-Chip-Multilayer-Ceramic-Capacitor-0.1pF-22uF-10pF-22pF-100pF-1nF-10nF-15nF-100nF-0.1uF-1uF-2.2uF-4.7uF-10-i.1649836180.27542857041,Shopee,1,0.90
Capacitor 10nF 50v (0603),https://shopee.com.my/100pcs-0603-1608-SMD-Chip-Multilayer-Ceramic-Capacitor-0.1pF-22uF-10pF-22pF-100pF-1nF-10nF-15nF-100nF-0.1uF-1uF-2.2uF-4.7uF-10-i.1649836180.27542857041,Shopee,1,0.98
Capacitor 1uF 25v (0603),https://shopee.com.my/100pcs-0603-1608-SMD-Chip-Multilayer-Ceramic-Capacitor-0.1pF-22uF-10pF-22pF-100pF-1nF-10nF-15nF-100nF-0.1uF-1uF-2.2uF-4.7uF-10-i.1649836180.27542857041,Shopee,1,0.91
Capacitor 47nF 50v (0603),https://shopee.com.my/100pcs-0603-1608-SMD-Chip-Multilayer-Ceramic-Capacitor-0.1pF-22uF-10pF-22pF-100pF-1nF-10nF-15nF-100nF-0.1uF-1uF-2.2uF-4.7uF-10-i.1649836180.27542857041,Shopee,1,0.94
Capacitor 4.7uF 16v (0603),https://shopee.com.my/100pcs-0603-1608-SMD-Chip-Multilayer-Ceramic-Capacitor-0.1pF-22uF-10pF-22pF-100pF-1nF-10nF-15nF-100nF-0.1uF-1uF-2.2uF-4.7uF-10-i.1649836180.27542857041,Shopee,1,1.50
Capacitor 10uF 25v (0805),https://shopee.com.my/100pcs-0805-SMD-Chip-Multilayer-Ceramic-Capacitor-0.5pF-47uF-10pF-22pF-100pF-1nF-10nF-100nF-0.1uF-1uF-2.2uF-4.7uF-10uF-22uF-i.1649836180.56864018438,Shopee,1,3.86
Tantalum Capacitor 33uF 10v (A),https://shopee.com.my/10Pcs-3216A-SMD-Tantalum-Capacitor-100-220-330-470-1UF-2.2UF-3.3UF-4.7UF-6.8UF-22UF-33UF-47UF-100UF-4V-6.3V-10V-16V-20V-25V-35V-i.1649836180.55607396414,Shopee,1,1.90
Diode SS14,https://shopee.com.my/10-Pieces-SB1045L-SB10100L-SL1045-B240A-SS12-SS14-SS16-SS24-SS26-SS34-SS36-SS54-SS56-SS110-SS210-SS2200-DSK16-DSK24-DSK26-i.1649836180.47204908404,Shopee,1,0.82
Inductor 1uH (0420),https://shopee.com.my/5PCS-SMD-Molding-Power-Inductors-0420-0520-0530-0630-0650-1040-1265-1R0-2R2-6R8-1UH-2.2-3.3-4.7-6.8-33-100UH-2.2UH-Inductance-i.1649836180.45952518693,Shopee,2,2.10
Resistor 5.1k (0603),https://shopee.com.my/200pcs-0603-5-SMD-Resistor-0R-~-10M-1-10W-10-100-150-220-330-470-ohm-1K-2.2K-4.7K-10K-100K-1M-1R-10R-100R-150R-220R-330R-470R-i.1649836180.57850021816,Shopee,1,0.75
Resistor 10k (0603),https://shopee.com.my/200pcs-0603-5-SMD-Resistor-0R-~-10M-1-10W-10-100-150-220-330-470-ohm-1K-2.2K-4.7K-10K-100K-1M-1R-10R-100R-150R-220R-330R-470R-i.1649836180.57850021816,Shopee,1,0.75
Resistor 1k (0603),https://shopee.com.my/200pcs-0603-5-SMD-Resistor-0R-~-10M-1-10W-10-100-150-220-330-470-ohm-1K-2.2K-4.7K-10K-100K-1M-1R-10R-100R-150R-220R-330R-470R-i.1649836180.57850021816,Shopee,1,0.75
Resistor 100 (0603),https://shopee.com.my/200pcs-0603-5-SMD-Resistor-0R-~-10M-1-10W-10-100-150-220-330-470-ohm-1K-2.2K-4.7K-10K-100K-1M-1R-10R-100R-150R-220R-330R-470R-i.1649836180.57850021816,Shopee,1,0.75
ESP32-S3-WROOM-1-N8,https://shopee.com.my/1Pcs-ESP32-S3-ESP32-S3-WROOM-1-1U-ESP32-S3-MINI-1U-4MB-8MB-16MB-N4-N4R2-N4R8-N8-N8R2-N8R8-N16-N16R2-N16R8-WiFi-Ble-5.0-Module-i.1649836180.43173884048,Shopee,1,6.02
USBC Connector,https://shopee.com.my/5Pcs-USB-Type-C-3.1-2-6-16-24-Pin-Connector-Female-Jack-Charging-Port-SMD-SMT-PCB-Solder-DIY-Repair-USB-C-Type-C-Socket-i.1649836180.45502078939,Shopee,1,0.85
Resistor 15 (2512),https://shopee.com.my/(20pcs)-2512-SMD-Resistor-0.1R~910R-5-0.2R-0.15R-0.25R-0.22R-0.47R-0R-1R-1.5R-5.1R-2.2R-4.7R-10R-22R-47R-50R-100R-220R-330R-470R-Ohm-Resistance-i.475340513.28383894995,Shopee,2,1.24
BetaFPV BT2.0 Connector,https://shopee.com.my/1-Pair-BETAFPV-BT2.0-Connector-BTC2.0-i.92575144.7717088511,Shopee,6,7.34
N Channel Mosfet AO3400A,https://shopee.com.my/50pcs-AO3400-SOT23-AO3400A-SOT-23-A09T-SOT-AO3401-AO3402-AO3404-AO3406-AO3407-AO3415-AO3416-SMD-Field-Effect-Management-i.1135937572.24257651124,Shopee,1,0.85
P Channel Mosfet AO4007A,https://shopee.com.my/10pcs-lot-AO4407AL-AO4407A-AO4407-4407A-4407-SOP8-30V-12A-P-Channel-MOSFET-In-Stock-i.304553259.7152107243,Shopee,1,0.92
XL1509-5.0E1,https://shopee.com.my/10-PCS-XL1509-ADJE1-XL1509-ADJ-XL1509-5.0E1-XL1509-5.0-XL1509-3.3E1-XL1509-3.3-XL1509-SOP-8-In-Stock-i.304553259.23988849871,Shopee,1,1.65
BQ25890,https://shopee.com.my/5PCS-BQ25601-BQ25890-QFN-BQ25890H-BQ25896-BQ25892RTWR-BQ-series-charging-ics-IC-i.1592750725.44459693293,Shopee,2,10.00
I2C Multiplexer TCA9548 ,https://shopee.com.my/CJMCU-9548-TCA9548-TCA9548A-1-to-8-I2C-8-way-multi-channel-Expansion-Board-IIC-Module-i.927139050.23724940668,Shopee,1,0.84
"1.3"" TFT Display",https://shopee.com.my/TFT-Display-0.96-1.3-1.44-Inch-IPS-7P-SPI-HD-65K-Full-Color-LCD-Module-ST7735-Drive-IC-80*160-(Not-OLED)-For-Arduino-i.509537957.11442443894,Shopee,1,2.72
PCB,,JLCPCB,1,2.00
SPX Express Shipping,,Shopee,9,11.45
PCB Shipping,,JLCPCB,1,1.50
GRAND TOTAL,,,,66.59